URL,Bezirk,Minuspunkte,Note,RestaurantName,pubDate,Adresse
http://www.berlin.de/sen/verbraucherschutz/lebensmittel-ernaehrung/kontrollergebnisse/betriebssuche/index.de.php/detail/211,"Berlin - Charlottenburg-Wilmersdorf
",,sehr gut,Dannies Schlossgarten,"Tue, 05 Jun 2012 00:00:00 +0200","Schloßstr. 64, 14059 Berlin"
http://www.berlin.de/sen/verbraucherschutz/lebensmittel-ernaehrung/kontrollergebnisse/betriebssuche/index.de.php/detail/209,"Berlin - Charlottenburg-Wilmersdorf
","

  
 14
",gut,Restaurant Eosander,"Tue, 05 Jun 2012 00:00:00 +0200","Spandauer Damm 3-5, 14059 Berlin"
http://www.berlin.de/sen/verbraucherschutz/lebensmittel-ernaehrung/kontrollergebnisse/betriebssuche/index.de.php/detail/207,"Berlin - Charlottenburg-Wilmersdorf
","

  
 5
",gut,Pratirio,"Thu, 10 May 2012 00:00:00 +0200","Knesebeckstr. 22, 10623 Berlin"
http://www.berlin.de/sen/verbraucherschutz/lebensmittel-ernaehrung/kontrollergebnisse/betriebssuche/index.de.php/detail/205,"Berlin - Charlottenburg-Wilmersdorf
","

  
 21
",zufriedenstellend,China Restaurant,"Fri, 11 May 2012 00:00:00 +0200","Kaiserin-Augusta-Allee 81, 10589 Berlin"
http://www.berlin.de/sen/verbraucherschutz/lebensmittel-ernaehrung/kontrollergebnisse/betriebssuche/index.de.php/detail/203,"Berlin - Charlottenburg-Wilmersdorf
","

  
 13
",gut,Pascarella,"Tue, 15 May 2012 00:00:00 +0200","Schlüterstr. 69, 10625 Berlin"
http://www.berlin.de/sen/verbraucherschutz/lebensmittel-ernaehrung/kontrollergebnisse/betriebssuche/index.de.php/detail/201,"Berlin - Charlottenburg-Wilmersdorf
","

  
 23
",zufriedenstellend,Sagano,"Wed, 14 Dec 2011 00:00:00 +0100","Kurfürstendamm 182-183, 10707 Berlin"
http://www.berlin.de/sen/verbraucherschutz/lebensmittel-ernaehrung/kontrollergebnisse/betriebssuche/index.de.php/detail/199,"Berlin - Charlottenburg-Wilmersdorf
","

  
 2
",gut,Stachelbeere,"Mon, 02 Jan 2012 00:00:00 +0100","Misdroyer Str. 35, 14199 Berlin"
http://www.berlin.de/sen/verbraucherschutz/lebensmittel-ernaehrung/kontrollergebnisse/betriebssuche/index.de.php/detail/197,"Berlin - Charlottenburg-Wilmersdorf
","

  
 43
",ausreichend,Joe Beau Lais,"Tue, 10 Jan 2012 00:00:00 +0100","Delbrückstr. 37, 14193 Berlin"
http://www.berlin.de/sen/verbraucherschutz/lebensmittel-ernaehrung/kontrollergebnisse/betriebssuche/index.de.php/detail/195,"Berlin - Charlottenburg-Wilmersdorf
","

  
 18
",gut,Marende,"Mon, 02 Jan 2012 00:00:00 +0100","Zoppoter Str. 1, 14199 Berlin"
http://www.berlin.de/sen/verbraucherschutz/lebensmittel-ernaehrung/kontrollergebnisse/betriebssuche/index.de.php/detail/193,"Berlin - Charlottenburg-Wilmersdorf
","

  
 18
",gut,Athena - Grill,"Tue, 21 Feb 2012 00:00:00 +0100","Bundesplatz 2, 10715 Berlin"
http://www.berlin.de/sen/verbraucherschutz/lebensmittel-ernaehrung/kontrollergebnisse/betriebssuche/index.de.php/detail/191,"Berlin - Charlottenburg-Wilmersdorf
",,sehr gut,Bar Atelier,"Thu, 19 Apr 2012 00:00:00 +0200","Katharinenstr. 1, 10711 Berlin"
http://www.berlin.de/sen/verbraucherschutz/lebensmittel-ernaehrung/kontrollergebnisse/betriebssuche/index.de.php/detail/189,"Berlin - Charlottenburg-Wilmersdorf
","

  
 10
",gut,Rocco,"Wed, 08 Feb 2012 00:00:00 +0100","Kaiserdamm 109, 14057 Berlin"
http://www.berlin.de/sen/verbraucherschutz/lebensmittel-ernaehrung/kontrollergebnisse/betriebssuche/index.de.php/detail/187,"Berlin - Charlottenburg-Wilmersdorf
","

  
 15
",gut,Ristorante DAL MORO,"Mon, 20 Feb 2012 00:00:00 +0100","Kaiserdamm 6, 14057 Berlin"
http://www.berlin.de/sen/verbraucherschutz/lebensmittel-ernaehrung/kontrollergebnisse/betriebssuche/index.de.php/detail/185,"Berlin - Charlottenburg-Wilmersdorf
","

  
 14
",gut,Ristorante - Pizzeria Roma,"Tue, 21 Feb 2012 00:00:00 +0100","Bundesplatz 8, 10715 Berlin"
http://www.berlin.de/sen/verbraucherschutz/lebensmittel-ernaehrung/kontrollergebnisse/betriebssuche/index.de.php/detail/183,"Berlin - Charlottenburg-Wilmersdorf
","

  
 10
",gut,Gasthaus Maria,"Wed, 29 Feb 2012 00:00:00 +0100","Bundesallee 181, 10717 Berlin"
http://www.berlin.de/sen/verbraucherschutz/lebensmittel-ernaehrung/kontrollergebnisse/betriebssuche/index.de.php/detail/181,"Berlin - Charlottenburg-Wilmersdorf
","

  
 17
",gut,Kegel König,"Mon, 20 Feb 2012 00:00:00 +0100","Brandenburgische Str. 71, 10713 Berlin"
http://www.berlin.de/sen/verbraucherschutz/lebensmittel-ernaehrung/kontrollergebnisse/betriebssuche/index.de.php/detail/179,"Berlin - Charlottenburg-Wilmersdorf
","

  
 11
",gut,Leonhardt,"Wed, 22 Feb 2012 00:00:00 +0100","Stuttgarter Platz 21, 10627 Berlin"
http://www.berlin.de/sen/verbraucherschutz/lebensmittel-ernaehrung/kontrollergebnisse/betriebssuche/index.de.php/detail/177,"Berlin - Charlottenburg-Wilmersdorf
","

  
 18
",gut,Gasthaus Dollinger,"Wed, 22 Feb 2012 00:00:00 +0100","Stuttgarter Platz 21, 10627 Berlin"
http://www.berlin.de/sen/verbraucherschutz/lebensmittel-ernaehrung/kontrollergebnisse/betriebssuche/index.de.php/detail/175,"Berlin - Charlottenburg-Wilmersdorf
","

  
 38
",zufriedenstellend,Wirtshaus Candy,"Wed, 22 Feb 2012 00:00:00 +0100","Sömmeringstr. 35, 10589 Berlin"
http://www.berlin.de/sen/verbraucherschutz/lebensmittel-ernaehrung/kontrollergebnisse/betriebssuche/index.de.php/detail/173,"Berlin - Charlottenburg-Wilmersdorf
","

  
 3
",gut,San Giorgio,"Wed, 15 Feb 2012 00:00:00 +0100","Mommsenstr. 36, 10629 Berlin"
http://www.berlin.de/sen/verbraucherschutz/lebensmittel-ernaehrung/kontrollergebnisse/betriebssuche/index.de.php/detail/171,"Berlin - Charlottenburg-Wilmersdorf
","

  
 11
",gut,Veritas,"Tue, 14 Feb 2012 00:00:00 +0100","Krumme Str. 50, 10627 Berlin"
http://www.berlin.de/sen/verbraucherschutz/lebensmittel-ernaehrung/kontrollergebnisse/betriebssuche/index.de.php/detail/169,"Berlin - Charlottenburg-Wilmersdorf
","

  
 18
",gut,Del Falco,"Mon, 20 Feb 2012 00:00:00 +0100","Königin-Elisabeth-Str. 54, 14059 Berlin"
http://www.berlin.de/sen/verbraucherschutz/lebensmittel-ernaehrung/kontrollergebnisse/betriebssuche/index.de.php/detail/167,"Berlin - Charlottenburg-Wilmersdorf
","

  
 10
",gut,Restaurant Sachs,"Tue, 07 Feb 2012 00:00:00 +0100","Knesebeckstr. 29, 10623 Berlin"
http://www.berlin.de/sen/verbraucherschutz/lebensmittel-ernaehrung/kontrollergebnisse/betriebssuche/index.de.php/detail/165,"Berlin - Charlottenburg-Wilmersdorf
","

  
 19
",gut,Do De Li,"Thu, 08 Mar 2012 00:00:00 +0100","Kantstr. 120-121, 10625 Berlin"
http://www.berlin.de/sen/verbraucherschutz/lebensmittel-ernaehrung/kontrollergebnisse/betriebssuche/index.de.php/detail/163,"Berlin - Charlottenburg-Wilmersdorf
","

  
 13
",gut,Cassambalis,"Tue, 07 Feb 2012 00:00:00 +0100","Grolmanstr. 35, 10623 Berlin"
http://www.berlin.de/sen/verbraucherschutz/lebensmittel-ernaehrung/kontrollergebnisse/betriebssuche/index.de.php/detail/161,"Berlin - Charlottenburg-Wilmersdorf
","

  
 2
",gut,Bärenstube,"Thu, 12 Jan 2012 00:00:00 +0100","Guerickestr. 28, 10587 Berlin"
http://www.berlin.de/sen/verbraucherschutz/lebensmittel-ernaehrung/kontrollergebnisse/betriebssuche/index.de.php/detail/159,"Berlin - Charlottenburg-Wilmersdorf
","

  
 20
",zufriedenstellend,TC City Sports GmbH,"Fri, 24 Feb 2012 00:00:00 +0100","Brandenburgische Str. 53, 10707 Berlin"
http://www.berlin.de/sen/verbraucherschutz/lebensmittel-ernaehrung/kontrollergebnisse/betriebssuche/index.de.php/detail/157,"Berlin - Charlottenburg-Wilmersdorf
","

  
 14
",gut,TAO,"Mon, 11 Jul 2011 00:00:00 +0200","Wilmersdorfer Str. 94, 10629 Berlin"
http://www.berlin.de/sen/verbraucherschutz/lebensmittel-ernaehrung/kontrollergebnisse/betriebssuche/index.de.php/detail/155,"Berlin - Charlottenburg-Wilmersdorf
","

  
 13
",gut,Ranke 2,"Thu, 29 Dec 2011 00:00:00 +0100","Rankestr. 2-3, 10789 Berlin"
http://www.berlin.de/sen/verbraucherschutz/lebensmittel-ernaehrung/kontrollergebnisse/betriebssuche/index.de.php/detail/153,"Berlin - Charlottenburg-Wilmersdorf
","

  
 12
",gut,Feris,"Thu, 29 Dec 2011 00:00:00 +0100","Rankestr. 1a, 10789 Berlin"
http://www.berlin.de/sen/verbraucherschutz/lebensmittel-ernaehrung/kontrollergebnisse/betriebssuche/index.de.php/detail/151,"Berlin - Charlottenburg-Wilmersdorf
","

  
 26
",zufriedenstellend,Cooking Papa,"Wed, 14 Dec 2011 00:00:00 +0100","Wilmersdorfer Str. 72, 10629 Berlin"
http://www.berlin.de/sen/verbraucherschutz/lebensmittel-ernaehrung/kontrollergebnisse/betriebssuche/index.de.php/detail/149,"Berlin - Charlottenburg-Wilmersdorf
","

  
 17
",gut,PIZZERIA ITALIA,"Thu, 12 Jan 2012 00:00:00 +0100","Uhlandstr. 104-105, 10717 Berlin"
http://www.berlin.de/sen/verbraucherschutz/lebensmittel-ernaehrung/kontrollergebnisse/betriebssuche/index.de.php/detail/147,"Berlin - Charlottenburg-Wilmersdorf
","

  
 11
",gut,Ganda,"Mon, 19 Dec 2011 00:00:00 +0100","Neue Kantstr. 16, 14057 Berlin"
http://www.berlin.de/sen/verbraucherschutz/lebensmittel-ernaehrung/kontrollergebnisse/betriebssuche/index.de.php/detail/145,"Berlin - Charlottenburg-Wilmersdorf
","

  
 2
",gut,Sportpark Triftal,"Tue, 21 Feb 2012 00:00:00 +0100","Glockenturmstr. 40, 14055 Berlin"
http://www.berlin.de/sen/verbraucherschutz/lebensmittel-ernaehrung/kontrollergebnisse/betriebssuche/index.de.php/detail/143,"Berlin - Charlottenburg-Wilmersdorf
","

  
 10
",gut,El Toro I,"Mon, 05 Dec 2011 00:00:00 +0100","Bismarckstr. 90, 10627 Berlin"
http://www.berlin.de/sen/verbraucherschutz/lebensmittel-ernaehrung/kontrollergebnisse/betriebssuche/index.de.php/detail/141,"Berlin - Charlottenburg-Wilmersdorf
","

  
 11
",gut,Thermen am Europa-Center,"Thu, 24 Nov 2011 00:00:00 +0100","Nürnberger Str. 7, 10787 Berlin"
http://www.berlin.de/sen/verbraucherschutz/lebensmittel-ernaehrung/kontrollergebnisse/betriebssuche/index.de.php/detail/139,"Berlin - Charlottenburg-Wilmersdorf
","

  
 34
",zufriedenstellend,Manzini,"Thu, 08 Dec 2011 00:00:00 +0100","Ludwigkirchstr. 11, 10719 Berlin"
http://www.berlin.de/sen/verbraucherschutz/lebensmittel-ernaehrung/kontrollergebnisse/betriebssuche/index.de.php/detail/137,"Berlin - Charlottenburg-Wilmersdorf
","

  
 19
",gut,Vino y Mar,"Mon, 17 Oct 2011 00:00:00 +0200","Emser Str. 43, 10719 Berlin"
http://www.berlin.de/sen/verbraucherschutz/lebensmittel-ernaehrung/kontrollergebnisse/betriebssuche/index.de.php/detail/135,"Berlin - Charlottenburg-Wilmersdorf
","

  
 3
",gut,Julep's,"Wed, 14 Dec 2011 00:00:00 +0100","Giesebrechtstr. 3, 10629 Berlin"
http://www.berlin.de/sen/verbraucherschutz/lebensmittel-ernaehrung/kontrollergebnisse/betriebssuche/index.de.php/detail/133,"Berlin - Charlottenburg-Wilmersdorf
","

  
 11
",gut,Timeless,"Mon, 19 Mar 2012 00:00:00 +0100","Kaiserin-Augusta-Allee 92, 10589 Berlin"
http://www.berlin.de/sen/verbraucherschutz/lebensmittel-ernaehrung/kontrollergebnisse/betriebssuche/index.de.php/detail/131,"Berlin - Charlottenburg-Wilmersdorf
","

  
 15
",gut,Petrocelli,"Wed, 30 Nov 2011 00:00:00 +0100","Kurfürstendamm 36, 10719 Berlin"
http://www.berlin.de/sen/verbraucherschutz/lebensmittel-ernaehrung/kontrollergebnisse/betriebssuche/index.de.php/detail/129,"Berlin - Charlottenburg-Wilmersdorf
","

  
 7
",gut,Dal Buongustaio,"Wed, 16 Nov 2011 00:00:00 +0100","Windscheidstr. 24, 10627 Berlin"
http://www.berlin.de/sen/verbraucherschutz/lebensmittel-ernaehrung/kontrollergebnisse/betriebssuche/index.de.php/detail/127,"Berlin - Charlottenburg-Wilmersdorf
","

  
 7
",gut,Brasserie Le Paris,"Tue, 06 Dec 2011 00:00:00 +0100","Kurfürstendamm 211, 10719 Berlin"
http://www.berlin.de/sen/verbraucherschutz/lebensmittel-ernaehrung/kontrollergebnisse/betriebssuche/index.de.php/detail/125,"Berlin - Charlottenburg-Wilmersdorf
","

  
 17
",gut,Kori & Fay,"Thu, 24 Nov 2011 00:00:00 +0100","Kurfürstendamm 64-65, 10707 Berlin"
http://www.berlin.de/sen/verbraucherschutz/lebensmittel-ernaehrung/kontrollergebnisse/betriebssuche/index.de.php/detail/123,"Berlin - Charlottenburg-Wilmersdorf
","

  
 7
",gut,Leibniz Klause,"Tue, 27 Mar 2012 00:00:00 +0200","Mommsenstr. 57, 10629 Berlin"
http://www.berlin.de/sen/verbraucherschutz/lebensmittel-ernaehrung/kontrollergebnisse/betriebssuche/index.de.php/detail/121,"Berlin - Charlottenburg-Wilmersdorf
","

  
 9
",gut,Restaurant auLac,"Mon, 26 Mar 2012 00:00:00 +0200","Lietzenseeufer 11, 14057 Berlin"
http://www.berlin.de/sen/verbraucherschutz/lebensmittel-ernaehrung/kontrollergebnisse/betriebssuche/index.de.php/detail/119,"Berlin - Charlottenburg-Wilmersdorf
","

  
 3
",gut,blisse 14,"Tue, 13 Mar 2012 00:00:00 +0100","Blissestr. 14, 10713 Berlin"
http://www.berlin.de/sen/verbraucherschutz/lebensmittel-ernaehrung/kontrollergebnisse/betriebssuche/index.de.php/detail/117,"Berlin - Charlottenburg-Wilmersdorf
","

  
 16
",gut,Mylos,"Wed, 16 Nov 2011 00:00:00 +0100","Holtzendorffstr. 20, 14057 Berlin"
http://www.berlin.de/sen/verbraucherschutz/lebensmittel-ernaehrung/kontrollergebnisse/betriebssuche/index.de.php/detail/115,"Berlin - Charlottenburg-Wilmersdorf
","

  
 2
",gut,Enoiteca IL.Calice,"Mon, 24 Oct 2011 00:00:00 +0200","Walter-Benjamin-Platz 4, 10629 Berlin"
http://www.berlin.de/sen/verbraucherschutz/lebensmittel-ernaehrung/kontrollergebnisse/betriebssuche/index.de.php/detail/113,"Berlin - Charlottenburg-Wilmersdorf
","

  
 1
",gut,Hienerwadel,"Thu, 22 Sep 2011 00:00:00 +0200","Reichsstr. 87, 14052 Berlin"
http://www.berlin.de/sen/verbraucherschutz/lebensmittel-ernaehrung/kontrollergebnisse/betriebssuche/index.de.php/detail/111,"Berlin - Charlottenburg-Wilmersdorf
","

  
 38
",zufriedenstellend,Luardi,"Mon, 07 Nov 2011 00:00:00 +0100","Meinekestr. 24, 10719 Berlin"
http://www.berlin.de/sen/verbraucherschutz/lebensmittel-ernaehrung/kontrollergebnisse/betriebssuche/index.de.php/detail/109,"Berlin - Charlottenburg-Wilmersdorf
",,sehr gut,Zillemarkt,"Wed, 07 Mar 2012 00:00:00 +0100","Bleibtreustr. 48 a, 10623 Berlin"
http://www.berlin.de/sen/verbraucherschutz/lebensmittel-ernaehrung/kontrollergebnisse/betriebssuche/index.de.php/detail/107,"Berlin - Charlottenburg-Wilmersdorf
","

  
 7
",gut,Restaurant Cafe Bleibtreu,"Wed, 07 Mar 2012 00:00:00 +0100","Bleibtreustr. 45, 10623 Berlin"
http://www.berlin.de/sen/verbraucherschutz/lebensmittel-ernaehrung/kontrollergebnisse/betriebssuche/index.de.php/detail/105,"Berlin - Charlottenburg-Wilmersdorf
",,sehr gut,Mittendrin,"Tue, 14 Feb 2012 00:00:00 +0100","Pestalozzistr. 83, 10625 Berlin"
http://www.berlin.de/sen/verbraucherschutz/lebensmittel-ernaehrung/kontrollergebnisse/betriebssuche/index.de.php/detail/103,"Berlin - Charlottenburg-Wilmersdorf
","

  
 5
",gut,Klub am Rupenhorn,"Wed, 26 Sep 2012 00:00:00 +0200","Havelchaussee 119, 14055 Berlin"
http://www.berlin.de/sen/verbraucherschutz/lebensmittel-ernaehrung/kontrollergebnisse/betriebssuche/index.de.php/detail/101,"Berlin - Charlottenburg-Wilmersdorf
","

  
 7
",gut,Gabiko,"Thu, 29 Mar 2012 00:00:00 +0200","Paulsborner Str. 94, 10709 Berlin"
http://www.berlin.de/sen/verbraucherschutz/lebensmittel-ernaehrung/kontrollergebnisse/betriebssuche/index.de.php/detail/99,"Berlin - Charlottenburg-Wilmersdorf
","

  
 7
",gut,Sushi Berlin,"Mon, 07 May 2012 00:00:00 +0200","Bismarckstr. 100, 10625 Berlin"
http://www.berlin.de/sen/verbraucherschutz/lebensmittel-ernaehrung/kontrollergebnisse/betriebssuche/index.de.php/detail/97,"Berlin - Charlottenburg-Wilmersdorf
","

  
 5
",gut,Esstaurant Mirko,"Fri, 27 Apr 2012 00:00:00 +0200","Windscheidstr. 40, 10627 Berlin"
http://www.berlin.de/sen/verbraucherschutz/lebensmittel-ernaehrung/kontrollergebnisse/betriebssuche/index.de.php/detail/95,"Berlin - Charlottenburg-Wilmersdorf
","

  
 16
",gut,Split-Grill,"Tue, 15 May 2012 00:00:00 +0200","Kaiserin-Augusta-Allee 46, 10589 Berlin"
http://www.berlin.de/sen/verbraucherschutz/lebensmittel-ernaehrung/kontrollergebnisse/betriebssuche/index.de.php/detail/93,"Berlin - Charlottenburg-Wilmersdorf
","

  
 12
",gut,Wolf's Inn,"Mon, 10 Sep 2012 00:00:00 +0200","Storkwinkel 2, 10711 Berlin"
http://www.berlin.de/sen/verbraucherschutz/lebensmittel-ernaehrung/kontrollergebnisse/betriebssuche/index.de.php/detail/91,"Berlin - Charlottenburg-Wilmersdorf
",,sehr gut,Birkeneck,"Thu, 24 May 2012 00:00:00 +0200","Salzbrunner Str. 21, 14193 Berlin"
http://www.berlin.de/sen/verbraucherschutz/lebensmittel-ernaehrung/kontrollergebnisse/betriebssuche/index.de.php/detail/89,"Berlin - Charlottenburg-Wilmersdorf
","

  
 1
",gut,Ars Vini,"Mon, 15 Oct 2012 00:00:00 +0200","Xantener Str. 9, 10707 Berlin"
http://www.berlin.de/sen/verbraucherschutz/lebensmittel-ernaehrung/kontrollergebnisse/betriebssuche/index.de.php/detail/87,"Berlin - Charlottenburg-Wilmersdorf
","

  
 16
",gut,Gasthaus Landauer,"Wed, 26 Sep 2012 00:00:00 +0200","Landauer Str. 8, 14197 Berlin"
http://www.berlin.de/sen/verbraucherschutz/lebensmittel-ernaehrung/kontrollergebnisse/betriebssuche/index.de.php/detail/85,"Berlin - Charlottenburg-Wilmersdorf
","

  
 6
",gut,Sardegna a Tavola im Waldhaus,"Mon, 21 May 2012 00:00:00 +0200","Heerstr. 138, 14055 Berlin"
http://www.berlin.de/sen/verbraucherschutz/lebensmittel-ernaehrung/kontrollergebnisse/betriebssuche/index.de.php/detail/83,"Berlin - Charlottenburg-Wilmersdorf
","

  
 14
",gut,Nguyen,"Thu, 13 Sep 2012 00:00:00 +0200","Tauroggener Str. 3, 10589 Berlin"
http://www.berlin.de/sen/verbraucherschutz/lebensmittel-ernaehrung/kontrollergebnisse/betriebssuche/index.de.php/detail/81,"Berlin - Charlottenburg-Wilmersdorf
","

  
 10
",gut,Schlosshotel im Grunewald,"Wed, 17 Oct 2012 00:00:00 +0200","Brahmsstr. 6-10, 14193 Berlin"
http://www.berlin.de/sen/verbraucherschutz/lebensmittel-ernaehrung/kontrollergebnisse/betriebssuche/index.de.php/detail/79,"Berlin - Charlottenburg-Wilmersdorf
","

  
 6
",gut,Greece,"Thu, 01 Nov 2012 00:00:00 +0100","Bornimer Str. 4, 10711 Berlin"
http://www.berlin.de/sen/verbraucherschutz/lebensmittel-ernaehrung/kontrollergebnisse/betriebssuche/index.de.php/detail/77,"Berlin - Charlottenburg-Wilmersdorf
","

  
 17
",gut,Anfora II,"Wed, 19 Sep 2012 00:00:00 +0200","Spandauer Damm 112, 14059 Berlin"
http://www.berlin.de/sen/verbraucherschutz/lebensmittel-ernaehrung/kontrollergebnisse/betriebssuche/index.de.php/detail/75,"Berlin - Charlottenburg-Wilmersdorf
","

  
 17
",gut,Aparotel Berlin,"Thu, 06 Sep 2012 00:00:00 +0200","Osnabrücker Str. 7, 10589 Berlin"
http://www.berlin.de/sen/verbraucherschutz/lebensmittel-ernaehrung/kontrollergebnisse/betriebssuche/index.de.php/detail/73,"Berlin - Charlottenburg-Wilmersdorf
","

  
 9
",gut,Green Papaya,"Mon, 05 Mar 2012 00:00:00 +0100","Pestalozzistr. 33, 10627 Berlin"
http://www.berlin.de/sen/verbraucherschutz/lebensmittel-ernaehrung/kontrollergebnisse/betriebssuche/index.de.php/detail/71,"Berlin - Charlottenburg-Wilmersdorf
",,sehr gut,Cafe Keese,"Thu, 15 Nov 2012 00:00:00 +0100","Bismarckstr. 108, 10625 Berlin"
http://www.berlin.de/sen/verbraucherschutz/lebensmittel-ernaehrung/kontrollergebnisse/betriebssuche/index.de.php/detail/69,"Berlin - Charlottenburg-Wilmersdorf
","

  
 4
",gut,New West Club,"Tue, 23 Oct 2012 00:00:00 +0200","Kantstr. 134, 10625 Berlin"
http://www.berlin.de/sen/verbraucherschutz/lebensmittel-ernaehrung/kontrollergebnisse/betriebssuche/index.de.php/detail/67,"Berlin - Charlottenburg-Wilmersdorf
","

  
 9
",gut,Ziko Grill,"Tue, 03 Apr 2012 00:00:00 +0200","Kaiser-Friedrich-Str. 61a, 10627 Berlin"
http://www.berlin.de/sen/verbraucherschutz/lebensmittel-ernaehrung/kontrollergebnisse/betriebssuche/index.de.php/detail/65,"Berlin - Charlottenburg-Wilmersdorf
",,sehr gut,Wilde Oscar,"Wed, 26 Sep 2012 00:00:00 +0200","Niebuhrstr. 59-60, 10629 Berlin"
http://www.berlin.de/sen/verbraucherschutz/lebensmittel-ernaehrung/kontrollergebnisse/betriebssuche/index.de.php/detail/63,"Berlin - Charlottenburg-Wilmersdorf
","

  
 2
",gut,Restaurant Grunewaldturm,"Tue, 17 Apr 2012 00:00:00 +0200","Havelchaussee 61, 14193 Berlin"
http://www.berlin.de/sen/verbraucherschutz/lebensmittel-ernaehrung/kontrollergebnisse/betriebssuche/index.de.php/detail/61,"Berlin - Charlottenburg-Wilmersdorf
","

  
 12
",gut,Brasserie im Park,"Tue, 10 Jan 2012 00:00:00 +0100","Bismarckallee 23, 14193 Berlin"
http://www.berlin.de/sen/verbraucherschutz/lebensmittel-ernaehrung/kontrollergebnisse/betriebssuche/index.de.php/detail/59,"Berlin - Charlottenburg-Wilmersdorf
","

  
 4
",gut,Der Balken,"Wed, 14 Dec 2011 00:00:00 +0100","Gotha-Allee 29, 14052 Berlin"
http://www.berlin.de/sen/verbraucherschutz/lebensmittel-ernaehrung/kontrollergebnisse/betriebssuche/index.de.php/detail/57,"Berlin - Charlottenburg-Wilmersdorf
","

  
 13
",gut,Spice India,"Wed, 14 Dec 2011 00:00:00 +0100","Uhlandstr. 161, 10719 Berlin"
http://www.berlin.de/sen/verbraucherschutz/lebensmittel-ernaehrung/kontrollergebnisse/betriebssuche/index.de.php/detail/55,"Berlin - Charlottenburg-Wilmersdorf
","

  
 17
",gut,Credo-Express,"Mon, 21 Nov 2011 00:00:00 +0100","Kurfürstendamm 102, 10711 Berlin"
http://www.berlin.de/sen/verbraucherschutz/lebensmittel-ernaehrung/kontrollergebnisse/betriebssuche/index.de.php/detail/53,"Berlin - Charlottenburg-Wilmersdorf
","

  
 6
",gut,Restaurant Mondial,"Thu, 24 Nov 2011 00:00:00 +0100","Kurfürstendamm 47, 10719 Berlin"
http://www.berlin.de/sen/verbraucherschutz/lebensmittel-ernaehrung/kontrollergebnisse/betriebssuche/index.de.php/detail/51,"Berlin - Charlottenburg-Wilmersdorf
","

  
 15
",gut,Artemis,"Wed, 21 Dec 2011 00:00:00 +0100","Halenseestr. 32-36, 10711 Berlin"
http://www.berlin.de/sen/verbraucherschutz/lebensmittel-ernaehrung/kontrollergebnisse/betriebssuche/index.de.php/detail/49,"Berlin - Charlottenburg-Wilmersdorf
","

  
 2
",gut,Thai Food Orchidee,"Wed, 26 Oct 2011 00:00:00 +0200","Reichsstr. 92 A, 14052 Berlin"
http://www.berlin.de/sen/verbraucherschutz/lebensmittel-ernaehrung/kontrollergebnisse/betriebssuche/index.de.php/detail/47,"Berlin - Charlottenburg-Wilmersdorf
","

  
 13
",gut,Zagros-Grill,"Thu, 10 Nov 2011 00:00:00 +0100","Mierendorffplatz 16, 10589 Berlin"
http://www.berlin.de/sen/verbraucherschutz/lebensmittel-ernaehrung/kontrollergebnisse/betriebssuche/index.de.php/detail/45,"Berlin - Charlottenburg-Wilmersdorf
","

  
 11
",gut,Restaurant Egger`s,"Thu, 24 Nov 2011 00:00:00 +0100","Bundesallee 42, 10715 Berlin"
http://www.berlin.de/sen/verbraucherschutz/lebensmittel-ernaehrung/kontrollergebnisse/betriebssuche/index.de.php/detail/43,"Berlin - Charlottenburg-Wilmersdorf
",,sehr gut,El Baron,"Wed, 26 Oct 2011 00:00:00 +0200","Leibnizstr. 41, 10629 Berlin"
http://www.berlin.de/sen/verbraucherschutz/lebensmittel-ernaehrung/kontrollergebnisse/betriebssuche/index.de.php/detail/41,"Berlin - Charlottenburg-Wilmersdorf
","

  
 17
",gut,Furusato,"Wed, 26 Oct 2011 00:00:00 +0200","Leibnizstr. 35, 10625 Berlin"
http://www.berlin.de/sen/verbraucherschutz/lebensmittel-ernaehrung/kontrollergebnisse/betriebssuche/index.de.php/detail/39,"Berlin - Charlottenburg-Wilmersdorf
","

  
 3
",gut,Wirtshaus zum Dorfkrug,"Thu, 12 Jan 2012 00:00:00 +0100","Guerickestr. 43, 10587 Berlin"
http://www.berlin.de/sen/verbraucherschutz/lebensmittel-ernaehrung/kontrollergebnisse/betriebssuche/index.de.php/detail/37,"Berlin - Charlottenburg-Wilmersdorf
","

  
 1
",gut,Zum goldenen Fass,"Thu, 20 Oct 2011 00:00:00 +0200","Spandauer Damm 55, 14059 Berlin"
http://www.berlin.de/sen/verbraucherschutz/lebensmittel-ernaehrung/kontrollergebnisse/betriebssuche/index.de.php/detail/35,"Berlin - Charlottenburg-Wilmersdorf
","

  
 11
",gut,Igel's,"Thu, 27 Oct 2011 00:00:00 +0200","Karlsruher Str. 16, 10711 Berlin"
http://www.berlin.de/sen/verbraucherschutz/lebensmittel-ernaehrung/kontrollergebnisse/betriebssuche/index.de.php/detail/33,"Berlin - Charlottenburg-Wilmersdorf
","

  
 7
",gut,Sale e Pepe,"Tue, 18 Oct 2011 00:00:00 +0200","Dahlmannstr. 19, 10629 Berlin"
http://www.berlin.de/sen/verbraucherschutz/lebensmittel-ernaehrung/kontrollergebnisse/betriebssuche/index.de.php/detail/31,"Berlin - Charlottenburg-Wilmersdorf
",,sehr gut,Klo,"Wed, 26 Oct 2011 00:00:00 +0200","Leibnizstr. 57, 10629 Berlin"
http://www.berlin.de/sen/verbraucherschutz/lebensmittel-ernaehrung/kontrollergebnisse/betriebssuche/index.de.php/detail/29,"Berlin - Charlottenburg-Wilmersdorf
",,sehr gut,Charlottchen,"Thu, 13 Oct 2011 00:00:00 +0200","Droysenstr. 1, 10629 Berlin"
http://www.berlin.de/sen/verbraucherschutz/lebensmittel-ernaehrung/kontrollergebnisse/betriebssuche/index.de.php/detail/27,"Berlin - Charlottenburg-Wilmersdorf
","

  
 13
",gut,"Hotel Villa Kastania ""Marron-Restaurant""","Fri, 02 Sep 2011 00:00:00 +0200","Kastanienallee 20, 14052 Berlin"
http://www.berlin.de/sen/verbraucherschutz/lebensmittel-ernaehrung/kontrollergebnisse/betriebssuche/index.de.php/detail/25,"Berlin - Charlottenburg-Wilmersdorf
",,sehr gut,m.looi sushi bar,"Tue, 30 Aug 2011 00:00:00 +0200","Reichsstr. 102, 14052 Berlin"
http://www.berlin.de/sen/verbraucherschutz/lebensmittel-ernaehrung/kontrollergebnisse/betriebssuche/index.de.php/detail/23,"Berlin - Charlottenburg-Wilmersdorf
","

  
 12
",gut,Schweinske,"Tue, 30 Aug 2011 00:00:00 +0200","Ernst-Reuter-Platz 3-5, 10587 Berlin"
http://www.berlin.de/sen/verbraucherschutz/lebensmittel-ernaehrung/kontrollergebnisse/betriebssuche/index.de.php/detail/21,"Berlin - Charlottenburg-Wilmersdorf
",,sehr gut,Engelbecken,"Thu, 21 Jul 2011 00:00:00 +0200","Witzlebenstr. 31, 14057 Berlin"
http://www.berlin.de/sen/verbraucherschutz/lebensmittel-ernaehrung/kontrollergebnisse/betriebssuche/index.de.php/detail/19,"Berlin - Charlottenburg-Wilmersdorf
",,sehr gut,Hotel Concorde Berlin,"Mon, 18 Jul 2011 00:00:00 +0200","Augsburger Str. 41, 10789 Berlin"
http://www.berlin.de/sen/verbraucherschutz/lebensmittel-ernaehrung/kontrollergebnisse/betriebssuche/index.de.php/detail/17,"Berlin - Charlottenburg-Wilmersdorf
",,sehr gut,Paris Bar,"Tue, 09 Aug 2011 00:00:00 +0200","Kantstr. 152, 10623 Berlin"
http://www.berlin.de/sen/verbraucherschutz/lebensmittel-ernaehrung/kontrollergebnisse/betriebssuche/index.de.php/detail/15,"Berlin - Charlottenburg-Wilmersdorf
",,sehr gut,Restaurant Knese,"Tue, 12 Jul 2011 00:00:00 +0200","Knesebeckstr. 63, 10719 Berlin"
http://www.berlin.de/sen/verbraucherschutz/lebensmittel-ernaehrung/kontrollergebnisse/betriebssuche/index.de.php/detail/13,"Berlin - Charlottenburg-Wilmersdorf
",,sehr gut,Steigenberger Hotel Berlin,"Mon, 18 Jul 2011 00:00:00 +0200","Los-Angeles-Platz 1, 10789 Berlin"
http://www.berlin.de/sen/verbraucherschutz/lebensmittel-ernaehrung/kontrollergebnisse/betriebssuche/index.de.php/detail/11,"Berlin - Charlottenburg-Wilmersdorf
",,sehr gut,Nova Vita,"Tue, 05 Jul 2011 00:00:00 +0200","Emser Platz 5, 10719 Berlin"
http://www.berlin.de/sen/verbraucherschutz/lebensmittel-ernaehrung/kontrollergebnisse/betriebssuche/index.de.php/detail/9,"Berlin - Charlottenburg-Wilmersdorf
","

  
 6
",gut,Patrice,"Fri, 07 Oct 2011 00:00:00 +0200","Mainzer Str. 17, 10715 Berlin"
http://www.berlin.de/sen/verbraucherschutz/lebensmittel-ernaehrung/kontrollergebnisse/betriebssuche/index.de.php/detail/7,"Berlin - Charlottenburg-Wilmersdorf
","

  
 11
",gut,Konoba,"Mon, 26 Sep 2011 00:00:00 +0200","Otto-Suhr-Allee 17, 10585 Berlin"
http://www.berlin.de/sen/verbraucherschutz/lebensmittel-ernaehrung/kontrollergebnisse/betriebssuche/index.de.php/detail/5,"Berlin - Charlottenburg-Wilmersdorf
","

  
 21
",zufriedenstellend,Enoteca L'Angolino,"Mon, 26 Sep 2011 00:00:00 +0200","Knesebeckstr. 92, 10623 Berlin"
http://www.berlin.de/sen/verbraucherschutz/lebensmittel-ernaehrung/kontrollergebnisse/betriebssuche/index.de.php/detail/3,"Berlin - Charlottenburg-Wilmersdorf
","

  
 5
",gut,Schweighofer´s,"Tue, 13 Sep 2011 00:00:00 +0200","Weimarer Str. 12, 10625 Berlin"
http://www.berlin.de/sen/verbraucherschutz/lebensmittel-ernaehrung/kontrollergebnisse/betriebssuche/index.de.php/detail/1,"Berlin - Charlottenburg-Wilmersdorf
","

  
 34
",zufriedenstellend,mrhai & Friends,"Tue, 18 Oct 2011 00:00:00 +0200","Savignyplatz 1, 10623 Berlin"